date,sales,predicted_sales
2011-02-26,29908,30227.044830707986
2011-02-27,28707,29125.41504939456
2011-02-28,21240,21478.57065276461
2011-03-01,22872,23007.387443546853
2011-03-02,22046,22165.31979264867
2011-03-03,23475,23570.09610417827
2011-03-04,23572,24157.42921778268
2011-03-05,31202,31713.672363408878
2011-03-06,34876,34602.72813696073
2011-03-07,24562,24807.276303491744
2011-03-08,22752,22910.104024255947
2011-03-09,22560,22400.153525084886
2011-03-10,22626,22734.6140150422
2011-03-11,25572,25711.647165803035
2011-03-12,32225,32439.041311728506
2011-03-13,31417,31734.802666907446
2011-03-14,24935,24732.875593809174
2011-03-15,24021,23722.73872554848
2011-03-16,22765,22282.42684593288
2011-03-17,21779,21437.353433345597
2011-03-18,23855,23995.762144209515
2011-03-19,30599,30741.601811921177
2011-03-20,29643,29559.969503409506
2011-03-21,23101,23073.35290465586
2011-03-22,20492,20470.834718684157
2011-03-23,19230,19315.055947816247
2011-03-24,18854,18939.465276794494
2011-03-25,23350,23233.76820145797
2011-03-26,29620,29615.26905144774
2011-03-27,29866,29720.639355270792
2011-03-28,21449,21406.951268991736
2011-03-29,19581,19524.652383427936
2011-03-30,18928,18889.516435533013
2011-03-31,21742,21266.50200888505
2011-04-01,28309,28006.512826806105
2011-04-02,33478,33542.34487675288
2011-04-03,33058,33238.145867278836
2011-04-04,24852,25042.01422281995
2011-04-05,23581,23609.054802643746
2011-04-06,22656,22795.989730860245
2011-04-07,22901,23029.263680820877
2011-04-08,24754,25205.263875192242
2011-04-09,31745,32050.912353315965
2011-04-10,31536,31752.63775635655
2011-04-11,24829,24800.332938246655
2011-04-12,23218,23068.982507768436
2011-04-13,21611,21597.90971904764
2011-04-14,21964,21867.27006594856
2011-04-15,25482,25423.90529229572
2011-04-16,29234,29662.939508061827
2011-04-17,29787,29985.634814809353
2011-04-18,22389,22497.400344506015
2011-04-19,19474,19637.378286134015
2011-04-20,20188,20098.331331614965
2011-04-21,19768,19758.0995541518
2011-04-22,24279,24140.40008327432
2011-04-23,29575,29629.180776854173
2011-04-24,24018,24623.08847543394
2011-04-25,20004,20123.349949659176
2011-04-26,18113,17885.16139173296
2011-04-27,17929,17950.318208362594
2011-04-28,18145,18181.59366091987
2011-04-29,22735,22703.105882003958
2011-04-30,28101,28182.66029835264
2011-05-01,29045,29497.72007735182
2011-05-02,22837,23117.964046910416
2011-05-03,24080,23818.004662846637
2011-05-04,20761,21063.12104510035
2011-05-05,21184,21117.303943489016
2011-05-06,24486,24800.464278210984
2011-05-07,28412,29158.690494378545
2011-05-08,23688,24726.884637546922
2011-05-09,25024,24783.442447952257
2011-05-10,22231,22175.955781187607
2011-05-11,22165,21946.770584797865
2011-05-12,22413,22156.937505737642
2011-05-13,25648,25487.593706212472
2011-05-14,28736,29041.35322686115
2011-05-15,31320,31084.359421104582
2011-05-16,22213,22418.46717344861
2011-05-17,19613,19814.346315600324
2011-05-18,18770,19008.2614167005
2011-05-19,18684,18888.718357767873
2011-05-20,21649,21960.89097670975
2011-05-21,27112,27456.920047396066
2011-05-22,26246,26454.08894324606
2011-05-23,20954,20826.704960627503
2011-05-24,19203,18988.921847890844
2011-05-25,19058,18818.233078937395
2011-05-26,20480,20043.64934138309
2011-05-27,22481,22396.59839386714
2011-05-28,25527,25937.732116232863
2011-05-29,23449,24118.608892782147
2011-05-30,22538,21793.25788217213
2011-05-31,19555,19044.92335431926
2011-06-01,23165,23030.937753288643
2011-06-02,22681,22716.21693520283
2011-06-03,26781,26736.287821079117
2011-06-04,30310,30706.589354161006
2011-06-05,31604,31649.31150111902
2011-06-06,26685,26658.817695922386
2011-06-07,25089,24956.03045727611
2011-06-08,24453,24445.180896843798
2011-06-09,24782,24723.58988907178
2011-06-10,26419,26678.64298003842
2011-06-11,29940,30491.514570040872
2011-06-12,31094,31074.09543898108
2011-06-13,25752,25655.13346871949
2011-06-14,24155,23890.78780639899
2011-06-15,25258,24783.36479240717
2011-06-16,22706,22659.182932034175
2011-06-17,24712,24877.188896949498
2011-06-18,28825,29267.904842615186
2011-06-19,26106,26606.042059550236
2011-06-20,24261,24110.405011686096
2011-06-21,21810,21731.24762685444
2011-06-22,21401,21342.006131128088
2011-06-23,22780,22475.393287262465
2011-06-24,24638,24594.511873313953
2011-06-25,26482,27050.794150196707
2011-06-26,27668,27868.969339252166
2011-06-27,22642,22677.838605249635
2011-06-28,19800,19900.024504803903
2011-06-29,19930,20048.862060860865
2011-06-30,21451,21288.097552837775
2011-07-01,31033,30426.56592217556
2011-07-02,33001,33143.090466271504
2011-07-03,29173,29909.58907314291
2011-07-04,23033,23317.629877053576
2011-07-05,26596,26217.24559104156
2011-07-06,26602,26288.555795623794
2011-07-07,26727,26484.23665977034
2011-07-08,27679,27909.68776928355
2011-07-09,32486,32721.641056889337
2011-07-10,31539,31805.926226592423
2011-07-11,26592,26494.853227460124
2011-07-12,24632,24540.61499113464
2011-07-13,23445,23466.369817306942
2011-07-14,23447,23356.3688069582
2011-07-15,27349,27219.55359684088
2011-07-16,30869,31111.47122497833
2011-07-17,30334,30426.45126866035
2011-07-18,24639,24511.135722238258
2011-07-19,21931,21902.755341030977
2011-07-20,22487,22290.728319793154
2011-07-21,22778,22588.38546554304
2011-07-22,26356,26155.11246830636
2011-07-23,30284,30345.68321905373
2011-07-24,28799,29012.054069842292
2011-07-25,22895,22862.35563524832
2011-07-26,21195,21047.79649675081
2011-07-27,20504,20426.32078492034
2011-07-28,21243,21063.19859018644
2011-07-29,24542,24562.932234051186
2011-07-30,28953,29123.798574983703
2011-07-31,28677,28672.583264020916
2011-08-01,26607,26308.70819273942
2011-08-02,25475,25475.08564807375
2011-08-03,27237,26950.851243369885
2011-08-04,23713,24080.401087642542
2011-08-05,26594,27017.114365275855
2011-08-06,31959,32495.753859785033
2011-08-07,32006,32454.548366102845
2011-08-08,26354,26598.80893716353
2011-08-09,26213,26086.02952954335
2011-08-10,24578,24645.58007211906
2011-08-11,24708,24651.936326008974
2011-08-12,28544,28465.590162353805
2011-08-13,33003,33166.25325641828
2011-08-14,33909,33818.92276622397
2011-08-15,28511,28174.449403150487
2011-08-16,25266,25118.35377609991
2011-08-17,23681,23747.329900983175
2011-08-18,23376,23430.300638660865
2011-08-19,27004,27050.230469954113
2011-08-20,32258,32403.362145439027
2011-08-21,33973,33730.36753086766
2011-08-22,25324,25303.420864152475
2011-08-23,22617,22612.988130579208
2011-08-24,21935,21923.415954531396
2011-08-25,21414,21471.62028280783
2011-08-26,24268,24454.719211144613
2011-08-27,30383,30537.36570118336
2011-08-28,30626,30682.594099894908
2011-08-29,22085,22336.306043824785
2011-08-30,20350,20447.37223456148
2011-08-31,21723,21251.008141063576
2011-09-01,26299,25974.115541708765
2011-09-02,29208,29107.068574997254
2011-09-03,34032,34231.20083078515
2011-09-04,26925,28274.54879796441
2011-09-05,30158,29325.653618077784
2011-09-06,26134,26080.253381811686
2011-09-07,24445,24600.12559135479
2011-09-08,24048,24287.00821764551
2011-09-09,28246,28347.068950455738
2011-09-10,33030,33323.58257285396
2011-09-11,34632,34515.94679864933
2011-09-12,26138,26337.82822987414
2011-09-13,24645,24536.450978940782
2011-09-14,23505,23456.310910904733
2011-09-15,26343,25860.597046562616
2011-09-16,26933,27017.180930073824
2011-09-17,32195,32389.979319663802
2011-09-18,32034,32102.151835869972
2011-09-19,24367,24431.26983795935
2011-09-20,22675,22572.90608380869
2011-09-21,21796,21735.21123638658
2011-09-22,21859,21785.666860128375
2011-09-23,26706,26375.385891101236
2011-09-24,32466,32248.81432006867
2011-09-25,33228,32836.304557398194
2011-09-26,24090,23915.50465644138
2011-09-27,22788,22428.000528116583
2011-09-28,22193,21902.334968459378
2011-09-29,22383,22207.754763795914
2011-09-30,30182,29328.628942920335
2011-10-01,39312,38873.75327524032
2011-10-02,37214,37028.012082657275
2011-10-03,30455,30320.35827651676
2011-10-04,26114,26305.661862199377
2011-10-05,25913,26022.554924426528
2011-10-06,26066,26168.420136784676
2011-10-07,29985,30146.2914331403
2011-10-08,35930,36155.14796745957
2011-10-09,35940,36041.50662745649
2011-10-10,29401,28890.38681184911
2011-10-11,27427,27094.00002282958
2011-10-12,27414,26988.278341898837
2011-10-13,26116,25951.17908409654
2011-10-14,29885,29691.218344473244
2011-10-15,38426,37948.85521862506
2011-10-16,36127,36007.284520461646
2011-10-17,27592,27559.41183595754
2011-10-18,24202,24270.141057888508
2011-10-19,22441,22674.42997803374
2011-10-20,22402,22564.67619538263
2011-10-21,27130,27158.370900208312
2011-10-22,33151,33268.62420449122
2011-10-23,32876,32876.236207423004
2011-10-24,24516,24494.99104785231
2011-10-25,22437,22320.86165567411
2011-10-26,22142,21999.578280263908
2011-10-27,22982,22704.309697757086
2011-10-28,26880,26721.42298106145
2011-10-29,33219,33204.16621118435
2011-10-30,31853,31919.52124690111
2011-10-31,22695,22623.30664954026
2011-11-01,26039,26012.202486533737
2011-11-02,24808,24987.65988643739
2011-11-03,27902,27586.799828749714
2011-11-04,28596,28871.01306237305
2011-11-05,36887,36864.70188212507
2011-11-06,37887,37684.27374320621
2011-11-07,27278,27278.83230499618
2011-11-08,25188,25456.280827480103
2011-11-09,26092,26107.368193757393
2011-11-10,26147,26154.549408922983
2011-11-11,29755,29438.00965951663
2011-11-12,35922,36025.139795473486
2011-11-13,35348,35365.44827328487
2011-11-14,26773,26716.30082970863
2011-11-15,26701,26267.848547910373
2011-11-16,23928,23879.198281966666
2011-11-17,23114,23193.029103855042
2011-11-18,26507,26603.250274724076
2011-11-19,33545,33555.078266543554
2011-11-20,32753,32808.93364096658
2011-11-21,25574,25380.625607301496
2011-11-22,25654,25078.623415724633
2011-11-23,30787,29334.492438725414
2011-11-24,18427,18827.210838693834
2011-11-25,23998,24241.88687879438
2011-11-26,25292,26407.90670002755
2011-11-27,27134,27698.405682988465
2011-11-28,22378,22314.69236782525
2011-11-29,21584,21424.79081905629
2011-11-30,21089,20906.353346602384
2011-12-01,26268,25892.616933612335
2011-12-02,29727,29492.395112011436
2011-12-03,38129,37697.58139602981
2011-12-04,35078,35326.29722495879
2011-12-05,29220,29156.851080875844
2011-12-06,27267,27264.75733211412
2011-12-07,25453,25856.238180350083
2011-12-08,26347,26496.743391964745
2011-12-09,29438,29685.944834984537
2011-12-10,34786,35118.47963701112
2011-12-11,35743,35706.02878067126
2011-12-12,29151,28891.069420514235
2011-12-13,26913,26653.1246105638
2011-12-14,26794,26395.595340003776
2011-12-15,29644,28805.800673591337
2011-12-16,28885,28836.7663066437
2011-12-17,34159,34304.05220191156
2011-12-18,32087,32446.05385540368
2011-12-19,27068,26923.68876020342
2011-12-20,26262,25911.131836062763
2011-12-21,26662,26288.95734776792
2011-12-22,28182,27330.17774045381
2011-12-23,34646,33366.38535599372
2011-12-24,29958,30480.50842715248
2011-12-25,13,4848.39666570798
2011-12-26,28032,26959.04929130515
2011-12-27,24651,24176.978142831675
2011-12-28,24791,23923.397115402695
2011-12-29,24541,24168.437293269686
2011-12-30,33652,32336.829375715668
2011-12-31,33751,33426.7876077947
2012-01-01,21807,22563.476644670234
2012-01-02,33053,32498.788614528763
2012-01-03,28751,28755.585303318792
2012-01-04,25821,26236.742784735572
2012-01-05,28499,28520.52680056762
2012-01-06,30405,30882.21049800216
2012-01-07,37143,36998.20973883407
2012-01-08,36722,36298.948981653164
2012-01-09,28206,28637.669039801352
2012-01-10,26640,26792.043625685183
2012-01-11,29044,28702.070452209286
2012-01-12,24715,25192.86367593597
2012-01-13,29463,29666.974314500083
2012-01-14,36815,36764.03536011324
2012-01-15,36459,36040.29868497341
2012-01-16,30548,29893.42523813081
2012-01-17,22187,22825.57834488233
2012-01-18,25348,25320.654441532395
2012-01-19,24034,24232.487502986696
2012-01-20,27204,27553.93908258271
2012-01-21,38578,37883.04045538039
2012-01-22,32587,32187.092478276914
2012-01-23,24702,25092.297239928084
2012-01-24,23549,23562.644227400946
2012-01-25,22408,22662.513274907105
2012-01-26,23237,23255.420776496114
2012-01-27,27199,27320.774588377437
2012-01-28,34362,34323.19926440715
2012-01-29,33577,33223.50811364349
2012-01-30,25188,25382.19385630053
2012-01-31,25124,24792.424864727524
2012-02-01,29851,29491.32675621388
2012-02-02,28615,28616.46853588631
2012-02-03,35104,34663.83227184034
2012-02-04,43029,42606.48503102999
2012-02-05,40075,39822.71135102372
2012-02-06,30681,30949.26118633486
2012-02-07,28108,28432.38646826317
2012-02-08,28579,28871.657490806097
2012-02-09,29927,29851.084429861723
2012-02-10,29863,30459.11403051034
2012-02-11,41757,41441.27768339969
2012-02-12,41904,41436.031091598
2012-02-13,31675,31560.971118351878
2012-02-14,25100,25190.218435587056
2012-02-15,26878,26997.503680969243
2012-02-16,25195,25563.46424101264
2012-02-17,27604,28142.880847574736
2012-02-18,36622,36968.40863543533
2012-02-19,36338,36455.33342069561
2012-02-20,30218,29599.247982494537
2012-02-21,25190,25255.16749786768
2012-02-22,24115,24022.21187153776
2012-02-23,25211,25235.84672454548
2012-02-24,27870,28066.50020291256
2012-02-25,35769,35910.41757735016
2012-02-26,36281,36293.947246500305
2012-02-27,27270,27431.167202409968
2012-02-28,24359,24499.1861527823
2012-02-29,24802,24643.053514273
2012-03-01,30232,29943.405434419336
2012-03-02,32543,32615.93723214875
2012-03-03,41319,41179.65667445165
2012-03-04,40325,40315.321666472446
2012-03-05,32703,32629.64681486841
2012-03-06,31532,31231.08894912662
2012-03-07,28608,28804.36711986016
2012-03-08,29759,29551.479834730508
2012-03-09,32322,32465.349670297153
2012-03-10,39559,39745.333626313266
2012-03-11,40612,40515.95621473356
2012-03-12,32501,32326.186744494335
2012-03-13,29100,28915.342099360943
2012-03-14,27841,27762.248955341278
2012-03-15,30752,30233.080349742362
2012-03-16,30951,31002.53763367077
2012-03-17,37904,37688.26529044938
2012-03-18,37694,37729.00896668842
2012-03-19,29187,29282.30366568112
2012-03-20,25533,25712.00489393468
2012-03-21,26227,26143.755895152528
2012-03-22,26015,26056.33742533296
2012-03-23,29055,29100.803180387542
2012-03-24,37089,36961.85231320427
2012-03-25,37843,37579.582197065014
2012-03-26,27182,27324.60255723948
2012-03-27,24649,24717.570753221207
2012-03-28,24783,24782.177312357366
2012-03-29,23879,24190.763505119634
2012-03-30,30732,30447.465204521784
2012-03-31,38463,38141.19256851902
2012-04-01,39783,39851.60687217165
2012-04-02,31359,31482.373499295132
2012-04-03,33033,32509.55155635354
2012-04-04,28318,28566.200691802544
2012-04-05,31368,31128.560170259203
2012-04-06,37545,37005.21385026206
2012-04-07,45638,45020.06124763854
2012-04-08,36210,36911.43758346705
2012-04-09,31993,32137.376524933185
2012-04-10,28800,29059.55035535575
2012-04-11,29575,29504.393737225044
2012-04-12,28568,28727.420801935863
2012-04-13,31938,32081.01578372031
2012-04-14,38546,38363.991947379756
2012-04-15,38707,38237.014856226146
2012-04-16,27672,28015.281379564014
2012-04-17,26067,26208.062311896014
2012-04-18,24699,24971.363444249553
2012-04-19,24824,25047.8447872935
2012-04-20,28143,28471.26816703436
2012-04-21,36708,36797.02210836063
2012-04-22,36764,36689.78473816405
2012-04-23,26670,26840.87467321988
2012-04-24,24848,24889.791665929
2012-04-25,24448,24509.333566016605
2012-04-26,24530,24573.75828597229
2012-04-27,28977,29012.555405495084
2012-04-28,35647,35771.9510570322
2012-04-29,36124,36105.84958945605
2012-04-30,27356,27368.338562225243
2012-05-01,30290,30189.72130901722
2012-05-02,29239,29233.572729120304
2012-05-03,32959,32447.70112549663
2012-05-04,32932,33197.519220250295
2012-05-05,39201,39289.0010693672
2012-05-06,41529,41306.482696951105
2012-05-07,33477,33376.55177741815
2012-05-08,30433,30482.79976773824
2012-05-09,30204,30201.357795073538
2012-05-10,28164,28470.596611423836
2012-05-11,32814,32848.519314531084
2012-05-12,40872,40683.31270642826
2012-05-13,33769,34418.39226615652
2012-05-14,31583,31267.20450840858
2012-05-15,31758,31115.92893202702
2012-05-16,28677,28480.68960565619
2012-05-17,27323,27348.848893346403
2012-05-18,32311,32105.77348722348
2012-05-19,37929,37970.66058057567
2012-05-20,39514,39165.13566669219
2012-05-21,28805,29006.48600755985
2012-05-22,27502,27500.03818365662
2012-05-23,26623,26647.76138695776
2012-05-24,27963,27729.13635089501
2012-05-25,32797,32464.660749227118
2012-05-26,37239,37317.27631684061
2012-05-27,33853,34315.3629011583
2012-05-28,33407,32255.00545144968
2012-05-29,28620,28427.484513736297
2012-05-30,27150,27063.70701732673
2012-05-31,28809,28510.29504209412
2012-06-01,39529,38902.08176469094
2012-06-02,44943,44653.95704732851
2012-06-03,43910,43854.78937277933
2012-06-04,33294,33805.413918672
2012-06-05,34006,33915.399069518535
2012-06-06,33587,33546.8172302882
2012-06-07,32535,32689.95066768843
2012-06-08,36901,37088.804734147394
2012-06-09,43309,43476.9103204567
2012-06-10,44944,44508.67163037096
2012-06-11,39636,38963.24383365146
2012-06-12,35074,34570.21459300383
2012-06-13,32930,32868.95130871188
2012-06-14,33782,33516.723876331496
2012-06-15,41798,41027.239236376525
2012-06-16,44438,44403.09140996295
2012-06-17,39039,39534.53785398245
2012-06-18,34100,34182.97342829897
2012-06-19,31967,31979.653827986145
2012-06-20,31468,31446.8968282548
2012-06-21,30764,30586.68195934789
2012-06-22,36477,36352.381333693476
2012-06-23,40010,40248.83160875149
2012-06-24,40509,40419.75686055246
2012-06-25,31847,32142.8838924951
2012-06-26,29371,29571.26053291384
2012-06-27,28885,29041.888875304383
2012-06-28,29585,29656.7862595411
2012-06-29,36377,36237.16906440832
2012-06-30,40594,40789.823367586185
2012-07-01,40699,41231.34321778324
2012-07-02,35863,35845.07359410223
2012-07-03,39542,38668.10346965093
2012-07-04,32656,32697.69023320699
2012-07-05,34408,34388.79444592829
2012-07-06,39991,39834.71088267191
2012-07-07,41431,42089.953386312
2012-07-08,42672,43042.12872759797
2012-07-09,35770,36049.81879697719
2012-07-10,32587,32932.82072298847
2012-07-11,33072,33036.90239766438
2012-07-12,33077,33062.05986177221
2012-07-13,36582,36741.30975555934
2012-07-14,42348,42401.939482993585
2012-07-15,43689,43354.08143485266
2012-07-16,33020,33238.26273575184
2012-07-17,30418,30678.639084526654
2012-07-18,28916,29263.559531145278
2012-07-19,30864,30856.713870037296
2012-07-20,35402,35083.828063320965
2012-07-21,39544,39771.85523728673
2012-07-22,39952,40028.9249710107
2012-07-23,30864,31025.690886916935
2012-07-24,29479,29428.140216125958
2012-07-25,28354,28411.256258920264
2012-07-26,28538,28606.19208993191
2012-07-27,31840,32061.18718184019
2012-07-28,34588,35293.82492204348
2012-07-29,36147,36475.42177281078
2012-07-30,28933,29100.73396300282
2012-07-31,29531,29302.257543794196
2012-08-01,33970,33669.49466187192
2012-08-02,35260,34922.27988722583
2012-08-03,39511,39238.82067854287
2012-08-04,41276,41711.29598268908
2012-08-05,43009,43208.35562115215
2012-08-06,37024,36994.117652824294
2012-08-07,32394,32800.64847998447
2012-08-08,32301,32683.339562595986
2012-08-09,35008,34920.860402268205
2012-08-10,36465,36736.83281246946
2012-08-11,44081,43967.92659894281
2012-08-12,45798,45425.69321793514
2012-08-13,36030,35894.516573908615
2012-08-14,34312,33985.608478728675
2012-08-15,35497,34978.54349250566
2012-08-16,34405,34204.330664379144
2012-08-17,35457,35695.626887132246
2012-08-18,41521,41702.44010890626
2012-08-19,43364,42906.20233904474
2012-08-20,32410,32660.46601094028
2012-08-21,30206,30336.408764389867
2012-08-22,28922,29168.144246952157
2012-08-23,28552,28813.81048821949
2012-08-24,33044,33081.15064763942
2012-08-25,39964,39873.141591966145
2012-08-26,41021,40797.26831798973
2012-08-27,31010,31054.876217941888
2012-08-28,28472,28563.826878404885
2012-08-29,27101,27472.995331115868
2012-08-30,28303,28485.88633998884
2012-08-31,37092,36470.40103220671
2012-09-01,44630,44541.70665641302
2012-09-02,42819,43126.753682859075
2012-09-03,44525,42945.141454961515
2012-09-04,31879,32409.12564022899
2012-09-05,31854,32223.50961105257
2012-09-06,32575,32919.08044585614
2012-09-07,34775,35400.14435939447
2012-09-08,43218,43529.50657908813
2012-09-09,46649,46363.78531884919
2012-09-10,32972,33638.056163456036
2012-09-11,32370,32363.278929063927
2012-09-12,31018,31166.671755133942
2012-09-13,30142,30360.161365665866
2012-09-14,36359,36140.611787159454
2012-09-15,45959,45353.41366142205
2012-09-16,44286,44012.111002945756
2012-09-17,31860,32238.015502479215
2012-09-18,29276,29502.00202398251
2012-09-19,27065,27515.890815308016
2012-09-20,28557,28710.42024793109
2012-09-21,33634,33630.74654474258
2012-09-22,41889,41682.75548679429
2012-09-23,41362,41190.506332500685
2012-09-24,29176,29469.244443921514
2012-09-25,27979,27964.79874007978
2012-09-26,26932,26980.618735220116
2012-09-27,27231,27261.324810967206
2012-09-28,32656,32584.405157569603
2012-09-29,40981,40753.238807141104
2012-09-30,39736,39604.56876683549
2012-10-01,34841,35036.887765438994
2012-10-02,33830,33625.53741713703
2012-10-03,34220,33920.646939129794
2012-10-04,30075,30532.17432646451
2012-10-05,34588,34912.41472655579
2012-10-06,44040,44043.377947890964
2012-10-07,41872,42285.35750749628
2012-10-08,33790,33710.20107371215
2012-10-09,32295,32345.20473110075
2012-10-10,29969,30245.517915356464
2012-10-11,29998,30109.68590454133
2012-10-12,35052,35036.195752435604
2012-10-13,42226,42258.33092952516
2012-10-14,42237,42077.30217477339
2012-10-15,33684,33508.087889824936
2012-10-16,27869,28232.720338702457
2012-10-17,27103,27408.2688518216
2012-10-18,26169,26577.51840954677
2012-10-19,29711,30176.59159607836
2012-10-20,36689,37140.352995016954
2012-10-21,36987,37209.0595874496
2012-10-22,26712,27100.341866750718
2012-10-23,25419,25513.205182397738
2012-10-24,24390,24542.124334978165
2012-10-25,24312,24433.52290967248
2012-10-26,31863,31155.5831324037
2012-10-27,38547,38283.45851869937
2012-10-28,37184,37094.531783594684
2012-10-29,27581,27768.491005788645
2012-10-30,28080,27760.09563595301
2012-10-31,24975,24836.92557193489
2012-11-01,31051,30875.932908411367
2012-11-02,35514,35412.35388078813
2012-11-03,45079,44620.16279375875
2012-11-04,42545,42480.076032881516
2012-11-05,33057,33175.47031809121
2012-11-06,30514,30683.09505182494
2012-11-07,29683,29826.322108075336
2012-11-08,30757,30781.74942542888
2012-11-09,35722,35626.41725022142
2012-11-10,42884,42746.025969662354
2012-11-11,43517,42816.49862486487
2012-11-12,33213,33067.768195414894
2012-11-13,28308,28438.345544111166
2012-11-14,27835,27850.146947099187
2012-11-15,29713,29465.336372094713
2012-11-16,31616,31726.193350475765
2012-11-17,40441,40220.57291830188
2012-11-18,37576,37731.80708652277
2012-11-19,29330,29283.77876058631
2012-11-20,30274,29631.496486204076
2012-11-21,35208,33748.876086084056
2012-11-22,21909,22485.50069083776
2012-11-23,23423,24558.028461258895
2012-11-24,30016,31126.35708425567
2012-11-25,32732,33170.22140411928
2012-11-26,26476,26521.303237835582
2012-11-27,24489,24491.82961124756
2012-11-28,23545,23541.799827795745
2012-11-29,23868,23675.180163673005
2012-11-30,30389,29776.729159584396
2012-12-01,42496,42113.14849719713
2012-12-02,40940,40943.7957126088
2012-12-03,35337,35000.53467918438
2012-12-04,28819,29277.98988562512
2012-12-05,31184,31285.860826214866
2012-12-06,31124,31190.687638668256
2012-12-07,33594,33912.327695033695
2012-12-08,41573,41712.190244351135
2012-12-09,42526,42405.25092552536
2012-12-10,31089,31461.54412982964
2012-12-11,30298,30164.9229561095
2012-12-12,30016,29889.671409351722
2012-12-13,28671,28698.638220519664
2012-12-14,32902,32768.623688463675
2012-12-15,42390,41945.52623096139
2012-12-16,40053,39609.73368043788
2012-12-17,31025,30958.129968817244
2012-12-18,30254,29923.537937069486
2012-12-19,31782,31303.62743985073
2012-12-20,30872,30258.88331311128
2012-12-21,32848,32515.27106137028
2012-12-22,40015,39683.355993936064
2012-12-23,38987,38803.38983932129
2012-12-24,32623,32134.557750284075
2012-12-25,11,4107.950591132194
2012-12-26,29701,28767.740338762673
2012-12-27,29086,28528.951882265043
2012-12-28,32347,31903.239771856228
2012-12-29,37154,37186.28844585725
2012-12-30,35699,35771.90877629234
2012-12-31,35036,34849.191925156796
2013-01-01,24087,24584.845759995536
2013-01-02,32184,32129.856879966163
2013-01-03,36241,35628.93588639541
2013-01-04,33742,34211.17161025296
2013-01-05,43287,43282.44709288796
2013-01-06,43994,43926.08356769904
2013-01-07,33517,33662.6796454903
2013-01-08,31220,31002.720635986894
2013-01-09,29532,29994.493596973138
2013-01-10,29793,30146.69035282625
2013-01-11,34476,34542.10174800879
2013-01-12,45878,45263.34896674834
2013-01-13,40207,40419.30087826081
2013-01-14,30614,30980.06214779289
2013-01-15,30901,30556.478939504897
2013-01-16,28802,28979.701168526524
2013-01-17,28370,28641.213019952957
2013-01-18,32812,32864.459588414684
2013-01-19,42267,41965.39842081345
2013-01-20,37041,37421.53473205626
2013-01-21,30887,30583.385802036322
2013-01-22,25556,25348.04752301392
2013-01-23,25594,25957.03688065359
2013-01-24,24967,25397.452852761966
2013-01-25,29852,30069.600984990946
2013-01-26,40693,40316.038239693495
2013-01-27,38427,38237.956671795706
2013-01-28,27796,28159.192690326454
2013-01-29,25549,25608.09472407052
2013-01-30,23523,24029.976477209828
2013-01-31,26751,26773.723635375336
2013-02-01,39076,38443.29767330674
2013-02-02,51032,49945.831791213626
2013-02-03,41558,41746.89737183838
2013-02-04,28992,30037.89958019576
2013-02-05,31633,31763.80881008746
2013-02-06,31937,32009.298333582537
2013-02-07,29699,30225.4798284003
2013-02-08,35546,35847.30677487662
2013-02-09,45852,45744.03692663616
2013-02-10,43910,43694.06420771722
2013-02-11,36617,36144.72270554622
2013-02-12,36141,35492.44133904663
2013-02-13,38551,37129.792592410486
2013-02-14,30209,30191.86528317511
2013-02-15,38260,37937.547877712845
2013-02-16,45157,45110.89056786249
2013-02-17,44653,44363.39561634622
2013-02-18,34638,34322.16363932299
2013-02-19,28248,28786.339176073503
2013-02-20,30201,29990.45071258414
2013-02-21,31408,31100.724094072615
2013-02-22,32563,32844.55071962101
2013-02-23,43031,42799.36930716477
2013-02-24,44142,43290.58559817518
2013-02-25,32020,32029.835689343632
2013-02-26,27328,27642.994556102243
2013-02-27,27884,28100.11971020482
2013-02-28,30374,30174.197547139716
2013-03-01,39451,39135.8966872829
2013-03-02,49772,49208.55906886232
2013-03-03,48247,47791.384913069356
2013-03-04,35817,35930.007946229685
2013-03-05,31236,31706.98945350981
2013-03-06,32028,32382.533791090667
2013-03-07,29770,30497.898545180455
2013-03-08,34292,34949.167264980584
2013-03-09,44889,45021.35406314077
2013-03-10,44108,44204.47778514726
2013-03-11,36438,36268.607157369406
2013-03-12,33792,33580.05194584428
2013-03-13,31808,31923.89764388768
2013-03-14,33167,32839.52839947821
2013-03-15,37501,37323.932589026066
2013-03-16,43652,43747.07502612499
2013-03-17,42570,42455.651728114244
2013-03-18,31365,31887.599952541255
2013-03-19,29012,29271.316061410038
2013-03-20,29456,29589.978761849372
2013-03-21,29642,29738.754934341014
2013-03-22,33168,33242.47720450193
2013-03-23,40620,40676.52806885328
2013-03-24,40633,40597.42000126881
2013-03-25,29667,29929.426981984165
2013-03-26,28632,28559.916804072396
2013-03-27,28258,28228.201399703863
2013-03-28,29654,29472.69042524741
2013-03-29,38067,37315.38001562962
2013-03-30,46410,45616.60047712107
2013-03-31,34448,35267.4757344587
2013-04-01,34522,34569.83549712551
2013-04-02,34642,34059.60285941388
2013-04-03,35594,35200.55270821092
2013-04-04,32174,32375.20722589191
2013-04-05,38056,37969.00613872746
2013-04-06,46821,46523.93288828482
2013-04-07,46444,46022.18758511359
2013-04-08,35017,35299.54012764898
2013-04-09,33750,33786.13014946278
2013-04-10,31441,31725.312280401824
2013-04-11,32692,32694.946751852724
2013-04-12,36082,36265.27684713401
2013-04-13,43645,43710.37606867357
2013-04-14,43990,43679.4147565582
2013-04-15,34102,33995.12199807363
2013-04-16,31039,31036.61807319378
2013-04-17,28815,29109.48837423824
2013-04-18,28474,28765.381430819776
2013-04-19,32829,33041.660254568385
2013-04-20,40857,40920.26201352417
2013-04-21,39931,40043.08124112612
2013-04-22,29951,30194.329407997466
2013-04-23,27059,27347.45228814699
2013-04-24,27607,27675.304912102103
2013-04-25,27476,27611.99314853229
2013-04-26,31206,31478.845720092762
2013-04-27,35329,36079.0833228596
2013-04-28,38902,38652.515383251026
2013-04-29,27445,27900.768170182375
2013-04-30,28144,28061.420633222107
2013-05-01,31358,31421.68434934852
2013-05-02,31741,31724.07462750003
2013-05-03,36950,36809.983415660216
2013-05-04,40812,41262.92481738773
2013-05-05,43203,42982.87351205047
2013-05-06,35368,35317.657267628776
2013-05-07,31673,31911.39058215752
2013-05-08,31346,31561.71955031782
2013-05-09,32938,32894.78262787459
2013-05-10,33497,33982.52487492206
2013-05-11,45385,44895.579324302365
2013-05-12,37390,38000.21100803817
2013-05-13,34609,34346.46259786877
2013-05-14,32885,32503.864308403623
2013-05-15,34611,33908.65236245854
2013-05-16,31937,31729.805682139868
2013-05-17,34682,34624.46897867156
2013-05-18,40830,40911.19018654114
2013-05-19,42673,42264.71606029668
2013-05-20,33646,33498.1113852717
2013-05-21,30286,30234.43053577768
2013-05-22,28935,29055.983239814086
2013-05-23,30902,30634.478650246023
2013-05-24,35081,34728.4465866045
2013-05-25,39143,39249.55665271572
2013-05-26,36049,36548.31293545728
2013-05-27,36277,34993.18215628021
2013-05-28,29298,29211.341923272466
2013-05-29,26967,27254.04023884902
2013-05-30,28125,28196.322980842302
2013-05-31,36086,35494.36608677571
2013-06-01,44808,44689.94585951002
2013-06-02,47502,47040.61124060662
2013-06-03,39245,39087.1306542905
2013-06-04,33809,34036.694507727785
2013-06-05,35911,35720.54951462521
2013-06-06,34166,34138.003248000176
2013-06-07,37602,37934.407538970096
2013-06-08,44647,45028.205506854356
2013-06-09,48164,47689.81218267101
2013-06-10,36769,37061.4587958987
2013-06-11,34625,34674.95791548166
2013-06-12,33942,34046.57562394583
2013-06-13,34188,34120.91849932609
2013-06-14,39767,39437.8582915635
2013-06-15,46309,46071.91738980598
2013-06-16,39690,40301.733993052294
2013-06-17,34118,34392.791187839335
2013-06-18,31177,31438.047402612254
2013-06-19,31070,31259.04116026641
2013-06-20,31771,31569.45920355055
2013-06-21,36703,36639.8360269026
2013-06-22,42276,42326.64778425943
2013-06-23,43275,42981.81213184292
2013-06-24,34118,34251.73580918652
2013-06-25,31603,31605.3675461581
2013-06-26,30356,30480.790593454585
2013-06-27,31457,31439.354362905346
2013-06-28,36753,36665.3040941353
2013-06-29,44949,44699.751168546914
2013-06-30,44823,44575.766254847455
2013-07-01,38716,38661.47108969575
2013-07-02,37242,36984.9634949309
2013-07-03,43999,42700.50998080072
2013-07-04,36783,36538.496866968075
2013-07-05,40807,40811.878812617724
2013-07-06,41832,42793.046040707
2013-07-07,44624,45027.620247605744
2013-07-08,37460,37640.8839774203
2013-07-09,37253,36736.31463493343
2013-07-10,34579,34745.21121437203
2013-07-11,36361,36004.39682334516
2013-07-12,41279,40806.30734380856
2013-07-13,45185,45129.70919008625
2013-07-14,46672,46225.11883201464
2013-07-15,37624,37466.162767868555
2013-07-16,33937,33975.38119349095
2013-07-17,32467,32745.06967829036
2013-07-18,33921,33906.697777637964
2013-07-19,36194,36478.27639368568
2013-07-20,41527,41828.11563840105
2013-07-21,42039,42197.42382542632
2013-07-22,32203,32540.425167674966
2013-07-23,31304,31319.096920366886
2013-07-24,31468,31360.219305920542
2013-07-25,31816,31699.884023673865
2013-07-26,36843,36578.38603278299
2013-07-27,41672,41718.60386094787
2013-07-28,40480,40687.768423037196
2013-07-29,31763,32052.088924551997
2013-07-30,30162,30306.474180017525
2013-07-31,31255,31285.244866349723
2013-08-01,37309,37085.23373216765
2013-08-02,41663,41475.0951766646
2013-08-03,47105,47006.6016183354
2013-08-04,44439,44835.74105929817
2013-08-05,39149,39083.27715702445
2013-08-06,36694,36766.88703696888
2013-08-07,35079,35352.88123576132
2013-08-08,34886,34999.941655526214
2013-08-09,40699,40771.69885751652
2013-08-10,44912,45259.037842550286
2013-08-11,47520,47287.466828150464
2013-08-12,38753,38639.10211599951
2013-08-13,35144,35116.47483470967
2013-08-14,33732,33787.52341684989
2013-08-15,37643,37153.985517591966
2013-08-16,38025,38171.44595579476
2013-08-17,44431,44500.22832750838
2013-08-18,44894,44823.57016739609
2013-08-19,35237,35357.31725512418
2013-08-20,31625,31886.599478368185
2013-08-21,32633,32622.548868693862
2013-08-22,31793,31982.22737289895
2013-08-23,37113,37023.329941280346
2013-08-24,44836,44522.79827795131
2013-08-25,48577,47643.565194398965
2013-08-26,34200,34348.68020866227
2013-08-27,32963,32821.64184419148
2013-08-28,32456,32396.766649329897
2013-08-29,31710,31955.220861055735
2013-08-30,41621,40878.468296525476
2013-08-31,47972,47372.238810790106
2013-09-01,44741,45292.50068210474
2013-09-02,47072,45518.78073760298
2013-09-03,37799,37841.01517415129
2013-09-04,33328,33957.850549293355
2013-09-05,35425,35651.42963836425
2013-09-06,38684,39156.350509037984
2013-09-07,47600,47615.11027138602
2013-09-08,51740,51129.899506666814
2013-09-09,39765,39881.117516008984
2013-09-10,34663,34904.63064807197
2013-09-11,36195,35977.72652047712
2013-09-12,36767,36573.666434916835
2013-09-13,40971,40734.518685876465
2013-09-14,49166,48754.18939127709
2013-09-15,50970,50258.71780144548
2013-09-16,36775,37088.47633148796
2013-09-17,32571,32928.01544697911
2013-09-18,31281,31736.842218813516
2013-09-19,30823,31293.812688443722
2013-09-20,36281,36477.408875969646
2013-09-21,46001,45748.204501360684
2013-09-22,46210,46004.18713190217
2013-09-23,32784,33128.07815692705
2013-09-24,31064,31121.48316637814
2013-09-25,29959,30132.21850439605
2013-09-26,30648,30701.771474413814
2013-09-27,35502,35582.44413594218
2013-09-28,44441,44235.50544255281
2013-09-29,44396,44125.24202706729
2013-09-30,32893,33215.61561853054
2013-10-01,36730,36577.753983700735
2013-10-02,33900,34141.91785583374
2013-10-03,37215,36968.544754382514
2013-10-04,37334,37793.50438834865
2013-10-05,48777,48580.40255259056
2013-10-06,49888,49669.65234669529
2013-10-07,37003,37390.018531835296
2013-10-08,34544,34865.723015660755
2013-10-09,34746,34912.95872579239
2013-10-10,34019,34322.38377031398
2013-10-11,38093,38273.46919423765
2013-10-12,46581,46589.33915757394
2013-10-13,46343,46331.54495654766
2013-10-14,36836,36392.71017139616
2013-10-15,33213,32947.2698085425
2013-10-16,32677,32647.308765919097
2013-10-17,30538,30861.645113483573
2013-10-18,34337,34615.171020202775
2013-10-19,42043,42290.44867826733
2013-10-20,43352,43306.48578812064
2013-10-21,31859,32104.405274749042
2013-10-22,28957,29183.832726102548
2013-10-23,29525,29538.983332358537
2013-10-24,29260,29296.991722414474
2013-10-25,33877,33806.71155228634
2013-10-26,42454,42214.251040647134
2013-10-27,40665,40706.20914734087
2013-10-28,32058,31972.29269291111
2013-10-29,29529,29556.070959931596
2013-10-30,31136,30796.19565120659
2013-10-31,27034,27123.242797271167
2013-11-01,39727,39334.21187401464
2013-11-02,47093,46903.671136341145
2013-11-03,48373,48003.8620332174
2013-11-04,32972,33696.38788860336
2013-11-05,34087,34105.84411659509
2013-11-06,33030,33255.838626796765
2013-11-07,31953,32265.93294280977
2013-11-08,35460,35944.4795872582
2013-11-09,45717,45629.88067956891
2013-11-10,43905,44012.96708609689
2013-11-11,36396,35852.340868178035
2013-11-12,32275,32279.172845437915
2013-11-13,29255,29632.590228220866
2013-11-14,29468,29596.959155752378
2013-11-15,35775,35607.64222451942
2013-11-16,44587,44216.33981735612
2013-11-17,42589,42527.062005651744
2013-11-18,32110,32202.33728020497
2013-11-19,28522,28711.473907783125
2013-11-20,27915,28091.571176739508
2013-11-21,28699,28709.536046755202
2013-11-22,32863,32898.97800826373
2013-11-23,40047,40103.67378312173
2013-11-24,38446,38561.66776328109
2013-11-25,28645,28899.49944828989
2013-11-26,31293,30638.860940612132
2013-11-27,36139,34735.088040387265
2013-11-28,19839,20804.031093885198
2013-11-29,26073,26944.035369414014
2013-11-30,31546,32637.37981247861
2013-12-01,38187,38869.4633036413
2013-12-02,37087,36485.9133676426
2013-12-03,38024,37131.950869094115
2013-12-04,31519,31707.899263331714
2013-12-05,35151,34138.49760910657
2013-12-06,36899,36740.365183901675
2013-12-07,44450,44337.95110491099
2013-12-08,40424,41067.897231213676
2013-12-09,33653,34071.88240956633
2013-12-10,31422,31771.252018203773
2013-12-11,30911,31151.873658665452
2013-12-12,31669,31566.10598762279
2013-12-13,36163,35920.6745711333
2013-12-14,41528,41469.50182519029
2013-12-15,43097,42610.40787836416
2013-12-16,32474,32482.25112620419
2013-12-17,30338,30297.61133619619
2013-12-18,31692,31312.300373006456
2013-12-19,32411,31973.753534639443
2013-12-20,32123,32375.47142863783
2013-12-21,40474,40400.533340376
2013-12-22,34915,35625.614069016025
2013-12-23,35289,34427.029876967375
2013-12-24,31077,30732.222290843827
2013-12-25,20,4377.686487623436
2013-12-26,32727,31247.389769072848
2013-12-27,33095,32579.42339328208
2013-12-28,36490,36492.4421134618
2013-12-29,34121,34491.46097076039
2013-12-30,32293,32800.61401574109
2013-12-31,34811,34559.89302846375
2014-01-01,23845,24565.87911228338
2014-01-02,32653,32761.541611502456
2014-01-03,38870,38540.75386731376
2014-01-04,44616,44545.708145287135
2014-01-05,45302,44976.35462984972
2014-01-06,32412,33197.06553581426
2014-01-07,30952,31236.338117442363
2014-01-08,32973,32496.203473148944
2014-01-09,33197,33258.8045318782
2014-01-10,32766,33483.73165901219
2014-01-11,47798,46955.67596202717
2014-01-12,46858,46182.19898064382
2014-01-13,33714,33813.34046080593
2014-01-14,30223,30505.29905361218
2014-01-15,31579,31356.884317815653
2014-01-16,31190,31245.88371005449
2014-01-17,35240,35139.06453932122
2014-01-18,43233,43082.089307269016
2014-01-19,40427,40483.609140288536
2014-01-20,32706,32367.73988793714
2014-01-21,27854,28122.096019497767
2014-01-22,28197,27648.210446882775
2014-01-23,26244,26808.002657226683
2014-01-24,30888,31126.174738488146
2014-01-25,40529,40329.8857886281
2014-01-26,40197,39938.6972207276
2014-01-27,30060,30199.33843040796
2014-01-28,24000,24710.80239314989
2014-01-29,24983,25201.11389629916
2014-01-30,27017,27085.538738025556
2014-01-31,36489,35750.04337158262
2014-02-01,45333,45222.19048795114
2014-02-02,43897,43729.66951938286
2014-02-03,37294,37053.893739861065
2014-02-04,30577,31042.39108830882
2014-02-05,31676,31998.1224399044
2014-02-06,32389,32651.358861363788
2014-02-07,34255,34838.45878047558
2014-02-08,47108,46896.863098140355
2014-02-09,48040,47629.380093140164
2014-02-10,33147,33716.85431608064
2014-02-11,33533,33330.429618628885
2014-02-12,36738,36047.4970409366
2014-02-13,37483,36738.94795072767
2014-02-14,33910,34178.880164739596
2014-02-15,44965,44890.55874931113
2014-02-16,43832,43815.47546124932
2014-02-17,34557,34307.233106786094
2014-02-18,30710,30856.400620340133
2014-02-19,30411,30568.34773523136
2014-02-20,29703,29875.977658521362
2014-02-21,33326,33382.13647562601
2014-02-22,41488,41533.71532801005
2014-02-23,44427,43926.682608135074
2014-02-24,31797,31918.62262981979
2014-02-25,29725,29620.38105550057
2014-02-26,26351,26843.62199280528
2014-02-27,28890,29006.468183284305
2014-02-28,34198,34146.70863764122
2014-03-01,45496,45352.01493339854
2014-03-02,46777,46469.36881818321
2014-03-03,37201,37112.198285596554
2014-03-04,30066,30638.451823501957
2014-03-05,31278,31273.30754243964
2014-03-06,32662,32820.09209038709
2014-03-07,34864,35274.79430533068
2014-03-08,43485,43793.80029400367
2014-03-09,50090,49322.59687345541
2014-03-10,37506,37305.6477430582
2014-03-11,34567,34366.413230174534
2014-03-12,34942,34390.06348523869
2014-03-13,33084,33177.628376713394
2014-03-14,36946,36834.61108043103
2014-03-15,44708,44650.689765109295
2014-03-16,45376,44964.79919740571
2014-03-17,32084,32311.658671813875
2014-03-18,30095,30288.26177789957
2014-03-19,29384,29591.781311310482
2014-03-20,28809,29031.802075916705
2014-03-21,33202,33270.11443086941
2014-03-22,41441,41320.18426781453
2014-03-23,44171,43710.79869059673
2014-03-24,31843,31863.020942978696
2014-03-25,28466,28577.435891994723
2014-03-26,27014,27243.209561469695
2014-03-27,30210,29953.639101336415
2014-03-28,32918,32953.63435393016
2014-03-29,41193,41129.67903796192
2014-03-30,43156,42828.96177172374
2014-03-31,30672,30865.658901565876
2014-04-01,33708,33464.29539336392
2014-04-02,33699,33531.21198368009
2014-04-03,36604,36077.75706107009
2014-04-04,35685,35970.442349605386
2014-04-05,46776,46427.633874008534
2014-04-06,48790,48399.419894907856
2014-04-07,36594,36713.86112849858
2014-04-08,35248,35183.888646522064
2014-04-09,35209,35073.9281940985
2014-04-10,33038,33251.88787568928
2014-04-11,38439,38258.54026450552
2014-04-12,46155,45940.12542407491
2014-04-13,46083,45867.77855116322
2014-04-14,35751,35571.45528737873
2014-04-15,36396,35740.4743595456
2014-04-16,34228,33898.778274537995
2014-04-17,33193,33027.99651548971
2014-04-18,38905,38409.207627342446
2014-04-19,47819,47123.17033437845
2014-04-20,38934,39477.37887370526
2014-04-21,31626,31951.21729850849
2014-04-22,30678,30469.426525508283
2014-04-23,30437,30429.717617469367
2014-04-24,30792,30743.332885649314
2014-04-25,33427,33563.50455503454
2014-04-26,42377,42182.795620073884
2014-04-27,43440,42930.82006317253
2014-04-28,31508,31570.692332226055
2014-04-29,29865,29941.386275676225
2014-04-30,28883,29057.33556068785
2014-05-01,33859,33945.31391490283
2014-05-02,38951,38850.16985634511
2014-05-03,46542,46573.396414466195
2014-05-04,45139,45333.68170126319
2014-05-05,35820,35754.84468281953
2014-05-06,33611,33851.15629094617
2014-05-07,32146,32579.180214817054
2014-05-08,31819,32304.113329942516
2014-05-09,36363,36728.989337982086
2014-05-10,42843,43272.33071484697
2014-05-11,38180,38897.661722893885
2014-05-12,37922,37372.56477206262
2014-05-13,33844,33694.2733123216
2014-05-14,32817,32657.75685971905
2014-05-15,33522,33275.367276775694
2014-05-16,34589,34885.414505738736
2014-05-17,40019,40556.72136244632
2014-05-18,43020,42716.94516624813
2014-05-19,32314,32612.14057713856
2014-05-20,29926,30120.908158494367
2014-05-21,29083,29291.232620195755
2014-05-22,30386,30364.269925973822
2014-05-23,33425,33478.31726662399
2014-05-24,38386,38755.910694629565
2014-05-25,35965,36598.017841335124
2014-05-26,33459,32748.325783286997
2014-05-27,28912,28897.648012256486
2014-05-28,28109,28115.461391841767
2014-05-29,27689,27896.234296537637
2014-05-30,33740,33552.567438975966
2014-05-31,40692,40475.41158120364
2014-06-01,44602,44527.42505989589
2014-06-02,37312,37286.954784554044
2014-06-03,38357,37764.40803354297
2014-06-04,32899,33208.53474519832
2014-06-05,35655,35222.87443799698
2014-06-06,37457,37760.31746407406
2014-06-07,44347,44598.05969315456
2014-06-08,45279,45256.5436232628
2014-06-09,38256,38291.76308515218
2014-06-10,33658,33959.01220844808
2014-06-11,34644,34531.10514153596
2014-06-12,35077,34922.553884947796
2014-06-13,38356,38204.01376678835
2014-06-14,44984,44812.03158965791
2014-06-15,42494,42499.47114193629
2014-06-16,35203,35271.523789246734
2014-06-17,33542,33471.72718129129
2014-06-18,32269,32293.76208164349
2014-06-19,33120,33049.214457231596
2014-06-20,37996,37717.817989630086
2014-06-21,42420,42493.64234251266
2014-06-22,42460,42371.61368985181
2014-06-23,33158,33430.33684300827
2014-06-24,30641,30816.732854521724
2014-06-25,28821,29192.172599036137
2014-06-26,29356,29626.63682739594
2014-06-27,34078,34245.70860321275
2014-06-28,39930,40201.49201583943
2014-06-29,40211,40108.11572683028
2014-06-30,33449,33392.4785123297
2014-07-01,37739,37193.08030877747
2014-07-02,37869,37251.03559540769
2014-07-03,47028,45125.94005390496
2014-07-04,38593,38665.34087315594
2014-07-05,40782,41758.54044042305
2014-07-06,45490,45633.35953462266
2014-07-07,37635,37861.84568329834
2014-07-08,36448,36475.1481717353
2014-07-09,37214,37021.034660264595
2014-07-10,35179,35358.30193997162
2014-07-11,40253,39882.869964202255
2014-07-12,47696,47156.080111695635
2014-07-13,43675,43800.766220158475
2014-07-14,36281,36219.13428232098
2014-07-15,35815,35516.97042085137
2014-07-16,33011,33115.67796887035
2014-07-17,32430,32726.896867601725
2014-07-18,36449,36594.16651302944
2014-07-19,42480,42568.50042245888
2014-07-20,42689,42611.46554144951
2014-07-21,33451,33527.992807981514
2014-07-22,31512,31506.649819198967
2014-07-23,30939,30902.369196413856
2014-07-24,30525,30562.45558489875
2014-07-25,33848,33971.97140746169
2014-07-26,39008,39352.59103581864
2014-07-27,42214,41911.55115871677
2014-07-28,32632,32620.381536032386
2014-07-29,30705,30465.826161540732
2014-07-30,30334,30352.32130146189
2014-07-31,31840,31773.68942546431
2014-08-01,43129,42465.88461296601
2014-08-02,47011,46892.98231530217
2014-08-03,47572,47524.32388300829
2014-08-04,35799,36372.26840550309
2014-08-05,36238,36344.87838152803
2014-08-06,34547,34940.70505371257
2014-08-07,34577,34922.83602154076
2014-08-08,38980,39324.74481170251
2014-08-09,45258,45541.90077478063
2014-08-10,43249,43680.403515857615
2014-08-11,36122,36221.46393729529
2014-08-12,36672,36325.80761131629
2014-08-13,34419,34298.20497659848
2014-08-14,34536,34351.75530953368
2014-08-15,38258,38214.2426221348
2014-08-16,44555,44532.75377654769
2014-08-17,46673,46259.84944256046
2014-08-18,35379,35478.13606863696
2014-08-19,31959,32227.122121654786
2014-08-20,31847,31971.957279341666
2014-08-21,32399,32409.38329950098
2014-08-22,37116,37002.49690969353
2014-08-23,44673,44385.80180201322
2014-08-24,47443,46735.68504165512
2014-08-25,34667,34664.513307864356
2014-08-26,31402,31509.957311475548
2014-08-27,29506,29829.113450388686
2014-08-28,29976,30233.32762161993
2014-08-29,37693,37494.56511049576
2014-08-30,43237,43205.50230034312
2014-08-31,39210,39784.20031055961
2014-09-01,43256,41907.94816614467
2014-09-02,34299,34539.84200928418
2014-09-03,37397,36973.514286106074
2014-09-04,31483,32122.607071192164
2014-09-05,35966,36510.70319816048
2014-09-06,46017,46004.47016532665
2014-09-07,45953,45945.32190610687
2014-09-08,35580,36083.01496416954
2014-09-09,34167,34305.831319821824
2014-09-10,31792,32185.61525175139
2014-09-11,34480,34269.85937579316
2014-09-12,38359,38252.26465858627
2014-09-13,47579,47108.34967493773
2014-09-14,45747,45529.05311608771
2014-09-15,36559,36528.36152780602
2014-09-16,31037,31382.401290981066
2014-09-17,29831,30281.749958045802
2014-09-18,28861,29398.822717781204
2014-09-19,34832,34991.4165442227
2014-09-20,43032,43018.614367673115
2014-09-21,44402,44080.972451382775
2014-09-22,31510,31816.14208242788
2014-09-23,29410,29464.047318398618
2014-09-24,29001,28990.148150511443
2014-09-25,29511,29437.97014118686
2014-09-26,33127,33237.19254787093
2014-09-27,40839,40825.362437868105
2014-09-28,42924,42412.60943059564
2014-09-29,31473,31695.00714477017
2014-09-30,29990,29795.502972345257
2014-10-01,34602,34461.67047049809
2014-10-02,34249,34115.12822235313
2014-10-03,41836,41182.3698134334
2014-10-04,47199,46739.882151690974
2014-10-05,48361,48054.658330346596
2014-10-06,37719,37727.39840947787
2014-10-07,33151,33511.116439592864
2014-10-08,33185,33450.09557406077
2014-10-09,33738,33924.497193983436
2014-10-10,35001,35603.211097140746
2014-10-11,44561,44621.40076495737
2014-10-12,46735,46343.75051763313
2014-10-13,33557,33518.05052276789
2014-10-14,32451,32244.081533601184
2014-10-15,34193,33696.20291580824
2014-10-16,29936,30137.03495136836
2014-10-17,33430,33704.65905435927
2014-10-18,43755,43514.5376761019
2014-10-19,43456,43322.749297073315
2014-10-20,32233,32338.055868151492
2014-10-21,29367,29471.146351574534
2014-10-22,27926,28205.62177761277
2014-10-23,28506,28594.375380072852
2014-10-24,32790,32783.11033649138
2014-10-25,40753,40653.20618367004
2014-10-26,40197,40187.07158248717
2014-10-27,31203,31086.31504555511
2014-10-28,28340,28273.75403345224
2014-10-29,27563,27686.675479348967
2014-10-30,30235,29858.693848507988
2014-10-31,32850,32487.307742192163
2014-11-01,44249,44246.66095212691
2014-11-02,46072,45844.30541534898
2014-11-03,38564,38194.69594560961
2014-11-04,31952,32238.830646445414
2014-11-05,30832,31200.97027078562
2014-11-06,33223,33235.04443905476
2014-11-07,34763,35114.16358405718
2014-11-08,44270,44300.19210187257
2014-11-09,47415,46938.02093976654
2014-11-10,34449,34614.23785008408
2014-11-11,32588,32182.029172448907
2014-11-12,30490,30652.594897298124
2014-11-13,28711,29068.28435168429
2014-11-14,34739,34624.37543751354
2014-11-15,44383,44003.04161002776
2014-11-16,43516,43295.47653175692
2014-11-17,31811,31976.21987963835
2014-11-18,28014,28245.539056855938
2014-11-19,28047,28092.14703776016
2014-11-20,28247,28283.648140934365
2014-11-21,32863,32785.64266671892
2014-11-22,42402,41982.733671763744
2014-11-23,40630,40480.22550610857
2014-11-24,31598,31416.395147030045
2014-11-25,31888,31212.084091602548
2014-11-26,36903,35411.3271047361
2014-11-27,21844,22666.15546562232
2014-11-28,26354,27152.090213966254
2014-11-29,34456,35173.0184739929
2014-11-30,35805,36175.74014465774
2014-12-01,34305,34336.34369767729
2014-12-02,30569,30768.485885998532
2014-12-03,32605,32382.504765920916
2014-12-04,31516,31302.80926306661
2014-12-05,36963,36548.269381179016
2014-12-06,43815,43657.77937127039
2014-12-07,42527,42728.31121365627
2014-12-08,33114,33505.30032570375
2014-12-09,32667,32700.084978238145
2014-12-10,31898,32101.808441109875
2014-12-11,26115,26949.748541504014
2014-12-12,33502,33679.96996191896
2014-12-13,40036,40279.73060957888
2014-12-14,42006,41739.07582635617
2014-12-15,34127,33792.32832729216
2014-12-16,29936,29843.24646396494
2014-12-17,30152,29968.349258622122
2014-12-18,32367,31706.10675158672
2014-12-19,29834,30378.558120178503
2014-12-20,38421,38653.41858622468
2014-12-21,38488,38623.296100884065
2014-12-22,33736,33250.57914883856
2014-12-23,34862,33874.56312465817
2014-12-24,29617,29333.42323476223
2014-12-25,20,3983.790790068524
2014-12-26,32909,31983.900273689676
2014-12-27,32594,33226.46403601161
2014-12-28,31894,32505.407568178845
2014-12-29,29990,30664.359337443344
2014-12-30,29417,29756.534570775795
2014-12-31,33450,33022.44198166644
2015-01-01,26452,26619.991220236498
2015-01-02,39633,38989.0291574542
2015-01-03,41085,41435.082738381956
2015-01-04,39647,40207.610372877396
2015-01-05,34691,34908.44070812369
2015-01-06,32682,33007.700896742936
2015-01-07,29165,29702.177259115033
2015-01-08,29029,29087.753621766322
2015-01-09,34385,34682.96677427219
2015-01-10,43946,43552.985258860455
2015-01-11,45066,44475.517156173526
2015-01-12,35574,35372.67519865565
2015-01-13,30324,30511.3779688919
2015-01-14,31059,31034.256464376536
2015-01-15,33063,32591.261994307115
2015-01-16,34889,34905.03646699306
2015-01-17,45169,44601.39707583356
2015-01-18,40724,40844.69333028516
2015-01-19,34412,33944.96361999601
2015-01-20,28363,28799.860765650315
2015-01-21,28109,28326.904271365085
2015-01-22,25795,25687.193391757235
2015-01-23,32221,32339.323026317088
2015-01-24,42181,41693.803451256885
2015-01-25,42623,41980.22897798484
2015-01-26,30358,30586.023295543964
2015-01-27,27873,27963.7978404866
2015-01-28,28104,28196.97676165101
2015-01-29,28225,28161.55301941552
2015-01-30,37440,36782.90325093702
2015-01-31,50828,49211.93799871036
2015-02-01,40385,40991.6307546482
2015-02-02,35006,35360.77294757907
2015-02-03,37405,36983.23952720001
2015-02-04,33992,34131.569308882645
2015-02-05,34647,34657.51530867378
2015-02-06,36809,37252.635640770066
2015-02-07,50836,50252.14791402729
2015-02-08,49719,49223.880462577144
2015-02-09,39170,39098.30120292568
2015-02-10,35464,35513.62681908957
2015-02-11,35701,35575.838740145606
2015-02-12,38570,38013.74022958388
2015-02-13,36936,37332.80741744045
2015-02-14,41614,42268.83909253346
2015-02-15,44007,44088.281699721454
2015-02-16,37147,36669.807974249394
2015-02-17,30697,31086.618566230525
2015-02-18,28505,28793.331712254712
2015-02-19,28808,29241.33431084499
2015-02-20,33119,33387.12227615116
2015-02-21,42109,42192.48772342192
2015-02-22,43759,43585.618334838495
2015-02-23,31522,31936.627322499793
2015-02-24,29780,29929.15087862118
2015-02-25,29227,29139.73208994366
2015-02-26,29223,29526.625776236633
2015-02-27,33566,33881.883448285094
2015-02-28,44154,44035.03764177351
2015-03-01,45186,45172.92063278946
2015-03-02,35398,35719.72639037193
2015-03-03,34387,34536.159927381974
2015-03-04,31774,32223.82235611229
2015-03-05,32819,32814.286914453114
2015-03-06,35937,36325.23922554357
2015-03-07,44229,44602.0997137262
2015-03-08,47379,47197.602754191124
2015-03-09,36020,36257.898646530426
2015-03-10,33597,33718.08008235827
2015-03-11,32891,33000.953880376976
2015-03-12,34391,34305.396256926724
2015-03-13,36623,36675.55568850034
2015-03-14,44471,44364.710355943345
2015-03-15,48827,48090.451955669385
2015-03-16,35495,35602.280507107185
2015-03-17,31412,31328.67710889563
2015-03-18,29947,30213.112526698475
2015-03-19,29369,29722.890829418524
2015-03-20,32999,33325.01279241848
2015-03-21,41982,42014.47135257265
2015-03-22,44014,43788.12404907956
2015-03-23,32338,32422.441242668374
2015-03-24,26841,27327.002972540082
2015-03-25,31995,31503.857482253326
2015-03-26,29902,29864.35227144129
2015-03-27,32535,32688.129851964928
2015-03-28,41531,41458.87658268065
2015-03-29,42583,42437.64253211227
2015-03-30,31899,32001.622974751335
2015-03-31,30956,30741.97044202192
2015-04-01,35060,34812.504869788565
2015-04-02,33817,33830.747725704096
2015-04-03,44108,43072.00439104282
2015-04-04,48419,48082.09305337368
2015-04-05,41636,42233.720296438834
2015-04-06,36215,36398.17142348982
2015-04-07,33911,34058.74516565964
2015-04-08,34149,34306.609177155115
2015-04-09,34437,34509.62098430596
2015-04-10,36853,37138.62706391157
2015-04-11,45272,44892.52143687713
2015-04-12,47180,46431.42414020431
2015-04-13,34494,34698.71112485059
2015-04-14,33597,33409.26096471417
2015-04-15,34690,34337.20139627028
2015-04-16,31431,31592.56598981138
2015-04-17,33059,33612.78979097731
2015-04-18,42516,42662.535376822
2015-04-19,44359,44120.293975674846
2015-04-20,33118,33234.52327360275
2015-04-21,30227,30305.23956463836
2015-04-22,30382,30508.316720198738
2015-04-23,30658,30625.05293303682
2015-04-24,34423,34376.25687540352
2015-04-25,43598,43299.98872335245
2015-04-26,43406,43192.92530343763
2015-04-27,33444,33367.86597847143
2015-04-28,29750,29892.146381568913
2015-04-29,28667,29044.756711006154
2015-04-30,30553,30533.927196063407
2015-05-01,40976,40700.22597635331
2015-05-02,47052,47026.721068324965
2015-05-03,49102,48604.6687908632
2015-05-04,38169,38200.60503157748
2015-05-05,35089,34901.438935953105
2015-05-06,35296,35355.33979238004
2015-05-07,33321,33767.95226816933
2015-05-08,37424,37841.52663289348
2015-05-09,47269,47207.414178721956
2015-05-10,38030,39180.017828762466
2015-05-11,37192,37002.27382502921
2015-05-12,35033,34817.42614324468
2015-05-13,33685,33615.48922542265
2015-05-14,32054,32115.421298326906
2015-05-15,37764,37553.525884228126
2015-05-16,44336,44298.79274161238
2015-05-17,44493,44327.99668787951
2015-05-18,34296,34536.86943266949
2015-05-19,30671,31009.037951734525
2015-05-20,31158,31318.892183371332
2015-05-21,30601,30811.716447460032
2015-05-22,36267,36221.529683570174
2015-05-23,39975,40529.95374721397
2015-05-24,37426,38101.480931337384
2015-05-25,37817,36711.29448681719
2015-05-26,30879,30871.934699291887
2015-05-27,30097,30106.988409986167
2015-05-28,30216,30209.78996752891
2015-05-29,32925,33301.230646878386
2015-05-30,40938,41027.24887180795
2015-05-31,43463,43121.9841490837
2015-06-01,38654,38715.33305011558
2015-06-02,37424,37208.93792553319
2015-06-03,37990,37707.20219057663
2015-06-04,34922,34857.69311039387
2015-06-05,39889,39969.87774948224
2015-06-06,47507,47567.79033927765
2015-06-07,48426,48144.912367745055
2015-06-08,39922,40072.46929772889
2015-06-09,38184,38131.79190988355
2015-06-10,35176,35498.06907536492
2015-06-11,35585,35676.69218652924
2015-06-12,40282,40263.80502010969
2015-06-13,44853,45175.72958356725
2015-06-14,48981,48534.54449264752
2015-06-15,47580,46113.67827265101
2015-06-16,31698,32222.18417202193
2015-06-17,31478,32078.946373688625
2015-06-18,34425,34192.28352952255
2015-06-19,37829,38050.15656253163
2015-06-20,44255,44439.992730443766
2015-06-21,41413,41726.17700333486
2015-06-22,34846,35324.76746131856
2015-06-23,33071,33034.37855953552
2015-06-24,31622,31761.619000177227
2015-06-25,32376,32427.421251646418
2015-06-26,35945,36037.986943543336
2015-06-27,42213,42379.06222973924
2015-06-28,42946,43014.39348795786
2015-06-29,33928,34398.1424389992
2015-06-30,32179,32360.36489779803
2015-07-01,38077,37749.31121310989
2015-07-02,41844,41015.001613788794
2015-07-03,54154,52143.86859073399
2015-07-04,37489,39288.37030284228
2015-07-05,43532,44276.68667388667
2015-07-06,41538,41368.98749149752
2015-07-07,37355,37552.89703666083
2015-07-08,36049,36380.0661002043
2015-07-09,38210,38186.209982130844
2015-07-10,39895,40241.663756882874
2015-07-11,47405,47047.17020778519
2015-07-12,49594,49124.616446822445
2015-07-13,39058,39243.27977598919
2015-07-14,36831,36533.48621375248
2015-07-15,38095,37601.90901697842
2015-07-16,37478,37285.18943084277
2015-07-17,41847,41704.66406775887
2015-07-18,45660,45422.31845250551
2015-07-19,47784,47386.181306705024
2015-07-20,37547,37563.52908653697
2015-07-21,34138,34250.674235953775
2015-07-22,33376,33514.012902934715
2015-07-23,34195,34206.88774888545
2015-07-24,38441,38372.58477513548
2015-07-25,42624,42832.12537750877
2015-07-26,44192,44129.101997812206
2015-07-27,36126,35964.17677932039
2015-07-28,32955,32881.69636427383
2015-07-29,31593,31826.936861249476
2015-07-30,33587,33567.22677947854
2015-07-31,41478,41015.17777664306
2015-08-01,49150,48886.48477597077
2015-08-02,51541,51163.82691670983
2015-08-03,45257,44818.335719055
2015-08-04,37658,38069.08757854711
2015-08-05,38279,38473.60255654966
2015-08-06,37798,38204.53176789251
2015-08-07,40137,40801.889453752825
2015-08-08,48104,48498.92598386407
2015-08-09,51961,51740.11175302322
2015-08-10,38324,38932.3285650172
2015-08-11,36449,36692.48291105945
2015-08-12,37351,37370.09156410917
2015-08-13,36055,36250.59771964869
2015-08-14,40762,40829.1802490457
2015-08-15,48436,48328.88551909669
2015-08-16,50540,50187.59770790658
2015-08-17,39112,39218.09210204837
2015-08-18,35245,35453.505899297794
2015-08-19,33707,34091.90321496248
2015-08-20,32516,33053.72961183844
2015-08-21,36963,37376.468192179214
2015-08-22,45080,45215.68318932269
2015-08-23,47596,47372.42487919945
2015-08-24,35093,35444.24529007096
2015-08-25,31295,31699.92725163071
2015-08-26,31967,32145.325891242326
2015-08-27,32076,32257.011636543382
2015-08-28,36251,36496.24660654
2015-08-29,45236,45181.671507689025
2015-08-30,48517,48034.45658159367
2015-08-31,35885,36091.99161364339
2015-09-01,37955,37887.33868579071
2015-09-02,36590,36808.2901155118
2015-09-03,39619,39334.13590800814
2015-09-04,39270,39731.06538291245
2015-09-05,47487,47763.36340131845
2015-09-06,45248,46021.50048522704
2015-09-07,45762,44512.70168882863
2015-09-08,36169,36533.99778627967
2015-09-09,38102,37984.381055778045
2015-09-10,35693,35950.545614689676
2015-09-11,40286,40308.599863768206
2015-09-12,50103,49704.282856778984
2015-09-13,51340,50827.05594240457
2015-09-14,38071,38381.56120620871
2015-09-15,37425,37198.11318211115
2015-09-16,33645,33975.45058768225
2015-09-17,33998,34186.5029142818
2015-09-18,38689,38709.79804249892
2015-09-19,48279,47925.81825164249
2015-09-20,49979,49328.98601979185
2015-09-21,36145,36350.69840492359
2015-09-22,33518,33568.24509384159
2015-09-23,33497,33472.60049436231
2015-09-24,32967,32733.736464034202
2015-09-25,38680,38448.31061062939
2015-09-26,46636,46376.46230228169
2015-09-27,47613,47241.77254001196
2015-09-28,34262,34488.647631621025
2015-09-29,30615,31034.86195348885
2015-09-30,31270,31414.76775162611
2015-10-01,37677,37623.458367990075
2015-10-02,44376,43913.02843506567
2015-10-03,54687,53855.00845557708
2015-10-04,52895,52447.74355887591
2015-10-05,42474,42481.511767196054
2015-10-06,38855,38892.93019956917
2015-10-07,35887,36446.48872766353
2015-10-08,37819,38056.791816503996
2015-10-09,43595,43593.32223074167
2015-10-10,48787,49145.89138664532
2015-10-11,49704,49742.112724055674
2015-10-12,42240,41554.943681133176
2015-10-13,35681,35876.312977481706
2015-10-14,34248,34396.78144057871
2015-10-15,36353,36233.64264310081
2015-10-16,38422,38691.059774689136
2015-10-17,47813,47709.37258176198
2015-10-18,48964,48683.52027228745
2015-10-19,35302,35734.71178068232
2015-10-20,33104,33275.40202477654
2015-10-21,32411,32580.6362665062
2015-10-22,32770,32921.15686371958
2015-10-23,38021,37997.718145189836
2015-10-24,45006,45020.2850332629
2015-10-25,46179,45953.155363537546
2015-10-26,35092,35141.13736234133
2015-10-27,32319,32296.30872698385
2015-10-28,31267,31343.17599479656
2015-10-29,33232,33161.70478865751
2015-10-30,40514,39976.446603682234
2015-10-31,42743,42809.065800384924
2015-11-01,46994,47308.948406306314
2015-11-02,36457,37030.66367697107
2015-11-03,37997,37826.22090803011
2015-11-04,32102,32817.633170628236
2015-11-05,34675,34979.25495178732
2015-11-06,39621,39861.358969157416
2015-11-07,47341,47340.65436288152
2015-11-08,48411,48331.71441281837
2015-11-09,36915,37302.03632603435
2015-11-10,33374,33781.2315662842
2015-11-11,33338,33214.25186516678
2015-11-12,33242,33516.59756540064
2015-11-13,36195,36614.57967358282
2015-11-14,47342,47006.34216067473
2015-11-15,49755,49097.49335967057
2015-11-16,35735,35838.766371649326
2015-11-17,29174,29884.555395726158
2015-11-18,32160,32165.545912944723
2015-11-19,32365,32401.25325134206
2015-11-20,38357,38103.81894783805
2015-11-21,42793,43017.912443024696
2015-11-22,44925,44740.73343400516
2015-11-23,35140,34970.62816863765
2015-11-24,34222,33706.417234618166
2015-11-25,40124,38673.59710939231
2015-11-26,23631,24731.036629912684
2015-11-27,27581,28793.273767423743
2015-11-28,34212,35270.370220506185
2015-11-29,37782,38279.36714411627
2015-11-30,32016,31899.56655711733
2015-12-01,34818,34699.79454792431
2015-12-02,33732,33728.21286372672
2015-12-03,38029,37116.33298539744
2015-12-04,38187,38140.84346885027
2015-12-05,47025,46741.2797054941
2015-12-06,48415,48173.64133391516
2015-12-07,35408,36009.570731859036
2015-12-08,32913,33503.659435230824
2015-12-09,33690,34184.16260899275
2015-12-10,32159,32694.62050374284
2015-12-11,36343,36624.05956284617
2015-12-12,45975,45818.17842797456
2015-12-13,45133,45113.31401552548
2015-12-14,37522,36845.69699493648
2015-12-15,36130,35548.70481281728
2015-12-16,34123,33947.55574515166
2015-12-17,35454,35053.806323849654
2015-12-18,34756,35149.844096577486
2015-12-19,43488,43515.07048517404
2015-12-20,43011,43126.07224413512
2015-12-21,35522,35395.548388621006
2015-12-22,36612,35919.749085745905
2015-12-23,38752,37812.59519723933
2015-12-24,36227,35378.457884302436
2015-12-25,14,5228.7401193669975
2015-12-26,38377,38265.352281597734
2015-12-27,35378,36066.63052089325
2015-12-28,29964,30148.743139022612
2015-12-29,31893,31489.097037696032
2015-12-30,34127,33266.87898008791
2015-12-31,43059,40800.548457722536
2016-01-01,32651,31886.105507553857
2016-01-02,44737,43963.577754771024
2016-01-03,44340,43723.32264920256
2016-01-04,36693,37023.057374930606
2016-01-05,35306,35622.28124072432
2016-01-06,32685,33504.304091610094
2016-01-07,35944,35939.549123246616
2016-01-08,38936,38477.51042790865
2016-01-09,52880,51762.00396272646
2016-01-10,47369,47162.10864561116
2016-01-11,37986,37950.84554275221
2016-01-12,35122,35190.62384241614
2016-01-13,32231,32658.009325543957
2016-01-14,35856,35867.32743020319
2016-01-15,41790,41070.11562570779
2016-01-16,51146,50338.55546510705
2016-01-17,45533,45462.13661211818
2016-01-18,38340,37740.62787782382
2016-01-19,31988,32386.0677182029
2016-01-20,32684,32828.730160149935
2016-01-21,31779,32120.971744525446
2016-01-22,36307,35575.54060320584
2016-01-23,48927,48145.52952989639
2016-01-24,47832,47030.9044969512
2016-01-25,34389,34532.386333975985
2016-01-26,30446,30770.276670591593
2016-01-27,31349,31463.31018099558
2016-01-28,32466,32644.79507449727
2016-01-29,37639,37349.32819096566
2016-01-30,49104,48371.69056104274
2016-01-31,50831,49710.30589572825
2016-02-01,41714,41545.43447100889
2016-02-02,34928,35453.2284454855
2016-02-03,39340,39053.20602218021
2016-02-04,35424,35967.165877153006
2016-02-05,40193,40570.435288116634
2016-02-06,55040,54455.11853289999
2016-02-07,46893,47287.55819950352
2016-02-08,36804,37512.08516072554
2016-02-09,38513,38325.74071136011
2016-02-10,39353,38734.52738101122
2016-02-11,44584,43452.15513359019
2016-02-12,44222,43977.08192695827
2016-02-13,53715,53238.602997248134
2016-02-14,48337,48185.88306331084
2016-02-15,46152,44995.85384715759
2016-02-16,37702,37822.421904986615
2016-02-17,36545,36532.91285814953
2016-02-18,36436,36670.70406722101
2016-02-19,40392,40500.56843826728
2016-02-20,50857,50632.3754685667
2016-02-21,52081,51416.05846365377
2016-02-22,37328,37669.473735589316
2016-02-23,33981,34203.63371081288
2016-02-24,34068,34244.420654772526
2016-02-25,34615,34808.075275116986
2016-02-26,37649,37985.89906358111
2016-02-27,47887,47869.86269848106
2016-02-28,50915,50301.4185221012
2016-02-29,37259,37526.848359498596
2016-03-01,36536,36769.025760140255
2016-03-02,38458,38478.82679129891
2016-03-03,41459,40997.65257110697
2016-03-04,39325,39936.061652894394
2016-03-05,52322,52178.533050816884
2016-03-06,57218,56219.913899802654
2016-03-07,40562,40902.42617760577
2016-03-08,37727,38108.520274922375
2016-03-09,37032,37492.597481485995
2016-03-10,38267,38622.956301620485
2016-03-11,40887,41212.52626795345
2016-03-12,52711,52393.067580210714
2016-03-13,51421,51261.13302543012
2016-03-14,42035,41882.75906347369
2016-03-15,40117,39705.932852702346
2016-03-16,36606,36730.79433882449
2016-03-17,35009,35125.23461735605
2016-03-18,39652,39798.903074774826
2016-03-19,46181,46596.36132712159
2016-03-20,47825,47932.960864633096
2016-03-21,37360,37507.97226043673
2016-03-22,35475,35410.57500215172
2016-03-23,34786,34707.46899718688
2016-03-24,34003,33769.80136926526
2016-03-25,45611,44381.541687833764
2016-03-26,53863,52753.11700986572
2016-03-27,46360,46346.65962723518
2016-03-28,36041,36379.53490876784
2016-03-29,33857,34163.88552680223
2016-03-30,32359,32844.26801527929
2016-03-31,34681,34789.62886930569
2016-04-01,45536,45139.818143643235
2016-04-02,52672,52434.06386821871
2016-04-03,56425,55534.9422281204
2016-04-04,40418,40697.07477856049
2016-04-05,39683,39617.80468136936
2016-04-06,39134,39132.507023494814
2016-04-07,38116,38361.564048123415
2016-04-08,43220,43441.281841129174
2016-04-09,56340,55684.90149441126
2016-04-10,53856,53554.733898568054
2016-04-11,42427,42384.76946043045
2016-04-12,39069,39125.30631870477
2016-04-13,35193,35656.79983907779
2016-04-14,37529,37494.273717048905
2016-04-15,41789,41870.4311089383
2016-04-16,48362,48550.67515715018
2016-04-17,51640,51183.54891449812
2016-04-18,38059,38275.598671791246
2016-04-19,37570,37369.28822996577
2016-04-20,35343,35406.215945817225
2016-04-21,35033,35139.665414248375
2016-04-22,40517,40567.62855153023
2016-04-23,48962,48888.4141948773
2016-04-24,49795,49429.76193711758
